<?xml version="1.0" encoding="UTF-8"?>
<config xmlns="http://www.knime.org/2008/09/XMLConfig" xmlns:xsi="http://www.w3.org/2001/XMLSchema-instance" xsi:schemaLocation="http://www.knime.org/2008/09/XMLConfig http://www.knime.org/XMLConfig_2008_09.xsd" key="settings.xml">
<entry key="name" type="xstring" value="String To Number"/>
<config key="model">
<config key="include_Internals">
<entry key="SettingsModelID" type="xstring" value="SMID_filterString"/>
<entry key="EnabledStatus" type="xboolean" value="true"/>
</config>
<config key="include">
<config key="InclList">
<entry key="array-size" type="xint" value="1"/>
<entry key="0" type="xstring" value="T"/>
</config>
<config key="ExclList">
<entry key="array-size" type="xint" value="6"/>
<entry key="0" type="xstring" value="CombaseID"/>
<entry key="1" type="xstring" value="Misc"/>
<entry key="2" type="xstring" value="AgentDetail"/>
<entry key="3" type="xstring" value="MatrixDetail"/>
<entry key="4" type="xstring" value="Time"/>
<entry key="5" type="xstring" value="LogC"/>
</config>
<entry key="keep_all_columns_selected" type="xboolean" value="false"/>
</config>
<entry key="decimal_separator" type="xstring" value="."/>
<entry key="thousands_separator" type="xstring" value=""/>
<config key="parse_type">
<entry key="cell_class" type="xstring" value="org.knime.core.data.def.DoubleCell"/>
<entry key="is_null" type="xboolean" value="false"/>
</config>
</config>
<entry key="hasContent" type="xboolean" value="true"/>
<entry key="isInactive" type="xboolean" value="false"/>
<config key="ports">
<config key="port_1">
<entry key="index" type="xint" value="1"/>
<entry key="port_spec_class" type="xstring" value="org.knime.core.data.DataTableSpec"/>
<entry key="port_object_class" type="xstring" value="org.knime.core.node.BufferedDataTable"/>
<entry key="port_object_summary" type="xstring" value="Rows: 258, Cols: 18"/>
<entry key="port_dir_location" type="xstring" value="port_1"/>
</config>
</config>
<config key="filestores">
<entry key="file_store_location" type="xstring" isnull="true" value=""/>
<entry key="file_store_id" type="xstring" value="d5ebd8aa-c5c4-4f1e-8f5f-92d479d6ced2"/>
</config>
</config>
