<?xml version="1.0" encoding="UTF-8"?>
<config xmlns="http://www.knime.org/2008/09/XMLConfig" xmlns:xsi="http://www.w3.org/2001/XMLSchema-instance" xsi:schemaLocation="http://www.knime.org/2008/09/XMLConfig http://www.knime.org/XMLConfig_2008_09.xsd" key="settings.xml">
<entry key="name" type="xstring" value="ManualModelConf"/>
<config key="model">
<entry key="xmlString" type="xstring" value="&lt;?xml version=&quot;1.0&quot; encoding=&quot;UTF-8&quot;?&gt;%%00013%%00010&lt;PmmDoc&gt;&lt;ParametricModel ModelName=&quot;Baranyi&quot; Level=&quot;1&quot; ModelCatalogId=&quot;1&quot; EstModelId=&quot;-1463686086&quot; CondId=&quot;-754209115&quot; RMS=&quot;NaN&quot; Rsquared=&quot;NaN&quot;&gt;&lt;Formula&gt;LogC=LOG10Nmax+log10((-1+exp(mumax*lag)+exp(mumax*Time))/(exp(mumax*Time)-1+exp(mumax*lag)*10^(LOG10Nmax-LOG10N0)))&lt;/Formula&gt;&lt;DepVar ParamName=&quot;LogC&quot; /&gt;&lt;Parameter ParamName=&quot;LOG10N0&quot; Value=&quot;3.0&quot; MinValue=&quot;NaN&quot; MaxValue=&quot;NaN&quot; /&gt;&lt;Parameter ParamName=&quot;LOG10Nmax&quot; Value=&quot;9.5&quot; MinValue=&quot;NaN&quot; MaxValue=&quot;NaN&quot; /&gt;&lt;Parameter ParamName=&quot;mumax&quot; Value=&quot;0.1&quot; MinValue=&quot;NaN&quot; MaxValue=&quot;NaN&quot; /&gt;&lt;Parameter ParamName=&quot;lag&quot; Value=&quot;50.0&quot; MinValue=&quot;NaN&quot; MaxValue=&quot;NaN&quot; /&gt;&lt;IndepVar ParamName=&quot;Time&quot; MinValue=&quot;NaN&quot; MaxValue=&quot;NaN&quot; /&gt;&lt;Literature Author=&quot;Florent Baty&quot; Year=&quot;2012&quot; Tag=&quot;em&quot; ID=&quot;240&quot; /&gt;&lt;/ParametricModel&gt;&lt;/PmmDoc&gt;%%00013%%00010"/>
</config>
<entry key="hasContent" type="xboolean" value="true"/>
<entry key="isInactive" type="xboolean" value="false"/>
<config key="ports">
<config key="port_1">
<entry key="index" type="xint" value="1"/>
<entry key="port_spec_class" type="xstring" value="org.knime.core.data.DataTableSpec"/>
<entry key="port_object_class" type="xstring" value="org.knime.core.node.BufferedDataTable"/>
<entry key="port_object_summary" type="xstring" value="Rows: 1, Cols: 38"/>
<entry key="port_dir_location" type="xstring" value="port_1"/>
</config>
</config>
<config key="filestores">
<entry key="file_store_location" type="xstring" isnull="true" value=""/>
<entry key="file_store_id" type="xstring" value="f13deee1-db28-4acf-84a8-1b734b95bad4"/>
</config>
</config>
