<?xml version="1.0" encoding="UTF-8"?>
<!DOCTYPE properties SYSTEM "http://java.sun.com/dtd/properties.dtd">
<properties>
  <comment>
    $Id: ASTNodeTokens.xml 2377 2015-10-09 12:21:58Z niko-rodrigue $
    $URL: http://svn.code.sf.net/p/jsbml/code/trunk/core/resources/org/sbml/jsbml/resources/cfg/ASTNodeTokens.xml $
    ----------------------------------------------------------------------------
    This file is part of JSBML. Please visit http://sbml.org/Software/JSBML
    for the latest version of JSBML and more information about SBML.

    Copyright (C) 2009-2015 jointly by the following organizations:
    1. The University of Tuebingen, Germany
    2. EMBL European Bioinformatics Institute (EBML-EBI), Hinxton, UK
    3. The California Institute of Technology, Pasadena, CA, USA
    4. The University of California, San Diego, La Jolla, CA, USA
    5. The Babraham Institute, Cambridge, UK

    This library is free software; you can redistribute it and/or modify it
    under the terms of the GNU Lesser General Public License as published by
    the Free Software Foundation. A copy of the license agreement is provided
    in the file named "LICENSE.txt" included with this software distribution
    and also available online as http://sbml.org/Software/JSBML/License.
    ----------------------------------------------------------------------------
  
    Mapping between tokens in a textual representation of a mathematical
    expression and a corresponding ASTNode.Type.
    
    Version: $Rev: 2377 $
  </comment>
  <entry key="abs">FUNCTION_ABS</entry>
  <entry key="sin">FUNCTION_SIN</entry>
  <entry key="cos">FUNCTION_COS</entry>
  <entry key="tan">FUNCTION_TAN</entry>
  <entry key="asin">FUNCTION_ARCSIN</entry>
  <entry key="arcsin">FUNCTION_ARCSIN</entry>
  <entry key="acos">FUNCTION_ARCCOS</entry>
  <entry key="accos">FUNCTION_ARCCOS</entry>
  <entry key="arccos">FUNCTION_ARCCOS</entry>
  <entry key="acosh">FUNCTION_ARCCOSH</entry>
  <entry key="accosh">FUNCTION_ARCCOSH</entry>
  <entry key="arccosh">FUNCTION_ARCCOSH</entry>
  <entry key="acot">FUNCTION_ARCCOT</entry>
  <entry key="accot">FUNCTION_ARCCOT</entry>
  <entry key="arccot">FUNCTION_ARCCOT</entry>
  <entry key="acoth">FUNCTION_ARCCOTH</entry>
  <entry key="accoth">FUNCTION_ARCCOTH</entry>
  <entry key="arccoth">FUNCTION_ARCCOTH</entry>
  <entry key="acsc">FUNCTION_ARCCSC</entry>
  <entry key="accsc">FUNCTION_ARCCSC</entry>
  <entry key="arccsc">FUNCTION_ARCCSC</entry>
  <entry key="acsch">FUNCTION_ARCCSCH</entry>
  <entry key="accsch">FUNCTION_ARCCSCH</entry>
  <entry key="arccsch">FUNCTION_ARCCSCH</entry>
  <entry key="asec">FUNCTION_ARCSEC</entry>
  <entry key="acsec">FUNCTION_ARCSEC</entry>  
  <entry key="arcsec">FUNCTION_ARCSEC</entry>
  <entry key="acsech">FUNCTION_ARCSECH</entry>
  <entry key="asech">FUNCTION_ARCSECH</entry>
  <entry key="arcsech">FUNCTION_ARCSECH</entry>
  <entry key="asinh">FUNCTION_ARCSINH</entry>
  <entry key="acsinh">FUNCTION_ARCSINH</entry>
  <entry key="arcsinh">FUNCTION_ARCSINH</entry>
  <entry key="atanh">FUNCTION_ARCTANH</entry>
  <entry key="actanh">FUNCTION_ARCTANH</entry>
  <entry key="arctanh">FUNCTION_ARCTANH</entry>
  <entry key="cosh">FUNCTION_COSH</entry>
  <entry key="cot">FUNCTION_COT</entry>
  <entry key="coth">FUNCTION_COTH</entry>
  <entry key="sinh">FUNCTION_SINH</entry>
  <entry key="tanh">FUNCTION_TANH</entry>
  <entry key="csc">FUNCTION_CSC</entry>  
  <entry key="csch">FUNCTION_CSCH</entry>
  <entry key="atan">FUNCTION_ARCTAN</entry>
  <entry key="arctan">FUNCTION_ARCTAN</entry>
  <entry key="sec">FUNCTION_SEC</entry>
  <entry key="sech">FUNCTION_SECH</entry>  
  <entry key="ceil">FUNCTION_CEILING</entry>
  <entry key="floor">FUNCTION_FLOOR</entry>   
  <entry key="ln">FUNCTION_LN</entry>  
  <entry key="log">FUNCTION_LN</entry>  
  <entry key="log10">FUNCTION_LOG</entry>
  <entry key="pow">FUNCTION_POWER</entry>
  <entry key="power">FUNCTION_POWER</entry>
  <entry key="sqr">FUNCTION_POWER</entry>
  <entry key="sqrt">FUNCTION_ROOT</entry>
  <entry key="root">FUNCTION_ROOT</entry>
  <entry key="exp">FUNCTION_EXP</entry>
  <entry key="fac">FUNCTION_FACTORIAL</entry>
  <entry key="factorial">FUNCTION_FACTORIAL</entry>
  <entry key="selector">FUNCTION_SELECTOR</entry>
  <entry key="or">LOGICAL_OR</entry>
  <entry key="and">LOGICAL_AND</entry>
  <entry key="xor">LOGICAL_XOR</entry>
  <entry key="not">LOGICAL_NOT</entry>  
  <entry key="eq">RELATIONAL_EQ</entry>  
  <entry key="neq">RELATIONAL_NEQ</entry>  
  <entry key="leq">RELATIONAL_LEQ</entry>  
  <entry key="lt">RELATIONAL_LT</entry>  
  <entry key="geq">RELATIONAL_GEQ</entry>  
  <entry key="gt">RELATIONAL_GT</entry>
  <entry key="plus">PLUS</entry>
  <entry key="minus">MINUS</entry>
  <entry key="divide">DIVIDE</entry>
  <entry key="times">TIMES</entry>
  <entry key="vector">VECTOR</entry>
  <entry key="lambda">LAMBDA</entry>
  <entry key="delay">FUNCTION_DELAY</entry>
</properties>
