<?xml version="1.0" encoding="UTF-8"?>
<config xmlns="http://www.knime.org/2008/09/XMLConfig" xmlns:xsi="http://www.w3.org/2001/XMLSchema-instance" xsi:schemaLocation="http://www.knime.org/2008/09/XMLConfig http://www.knime.org/XMLConfig_2008_09.xsd" key="settings.xml">
<entry key="name" type="xstring" value="TimeSeriesCreator"/>
<config key="model">
<config key="TimeList">
<entry key="array-size" type="xint" value="13"/>
<entry key="0" type="xdouble" value="1.0"/>
<entry key="1" type="xdouble" value="2.0"/>
<entry key="2" type="xdouble" value="3.0"/>
<entry key="3" type="xdouble" value="4.0"/>
<entry key="4" type="xdouble" value="5.0"/>
<entry key="5" type="xdouble" value="6.0"/>
<entry key="6" type="xdouble" value="7.0"/>
<entry key="7" type="xdouble" value="8.0"/>
<entry key="8" type="xdouble" value="9.0"/>
<entry key="9" type="xdouble" value="10.0"/>
<entry key="10" type="xdouble" value="11.0"/>
<entry key="11" type="xdouble" value="12.0"/>
<entry key="12" type="xdouble" value="13.0"/>
</config>
<config key="LogcList">
<entry key="array-size" type="xint" value="13"/>
<entry key="0" type="xdouble" value="3.0"/>
<entry key="1" type="xdouble" value="3.5"/>
<entry key="2" type="xdouble" value="4.0"/>
<entry key="3" type="xdouble" value="5.0"/>
<entry key="4" type="xdouble" value="6.0"/>
<entry key="5" type="xdouble" value="7.0"/>
<entry key="6" type="xdouble" value="7.5"/>
<entry key="7" type="xdouble" value="7.75"/>
<entry key="8" type="xdouble" value="7.8"/>
<entry key="9" type="xdouble" value="7.85"/>
<entry key="10" type="xdouble" value="7.9"/>
<entry key="11" type="xdouble" value="7.95"/>
<entry key="12" type="xdouble" value="8.0"/>
</config>
<entry key="Temperature" type="xdouble" value="20.0"/>
<entry key="ph" type="xdouble" value="7.0"/>
<entry key="WaterActivity" type="xdouble" value="1.0"/>
</config>
<entry key="hasContent" type="xboolean" value="true"/>
<entry key="isInactive" type="xboolean" value="false"/>
<config key="ports">
<config key="port_1">
<entry key="index" type="xint" value="1"/>
<entry key="port_spec_class" type="xstring" value="org.knime.core.data.DataTableSpec"/>
<entry key="port_object_class" type="xstring" value="org.knime.core.node.BufferedDataTable"/>
<entry key="port_object_summary" type="xstring" value="Rows: 1, Cols: 18"/>
<entry key="port_dir_location" type="xstring" value="port_1"/>
</config>
</config>
<config key="filestores">
<entry key="file_store_location" type="xstring" isnull="true" value=""/>
<entry key="file_store_id" type="xstring" value="fbe60b86-ed60-47bc-baab-8669e59d02dc"/>
</config>
</config>
