<?xml version="1.0"?>
<!--
   ====================================================================
   Licensed to the Apache Software Foundation (ASF) under one or more
   contributor license agreements.  See the NOTICE file distributed with
   this work for additional information regarding copyright ownership.
   The ASF licenses this file to You under the Apache License, Version 2.0
   (the "License"); you may not use this file except in compliance with
   the License.  You may obtain a copy of the License at

       http://www.apache.org/licenses/LICENSE-2.0

   Unless required by applicable law or agreed to in writing, software
   distributed under the License is distributed on an "AS IS" BASIS,
   WITHOUT WARRANTIES OR CONDITIONS OF ANY KIND, either express or implied.
   See the License for the specific language governing permissions and
   limitations under the License.
   ====================================================================
-->
<record id="0x100c" name="SeriesLabels" excel-record-id="ATTACHEDLABEL"
    package="org.apache.poi.hssf.record">
    <suffix>Record</suffix>
    <extends>Record</extends>
    <description>The series label record defines the type of label associated with the data format record.</description>
    <author>Glen Stampoultzis (glens at apache.org)</author>
    <fields>
        <field type="int" size="2" name="format flags">
            <bit number="0" name="show actual" description="show actual value of the data point"/>
            <bit number="1" name="show percent" description="show value as percentage of total (pie charts only)"/>
            <bit number="2" name="label as percentage" description="show category label/value as percentage (pie charts only)"/>
            <bit number="3" name="smoothed line" description="show smooth line"/>
            <bit number="4" name="show label" description="display category label"/>
            <bit number="5" name="show bubble sizes" description="??"/>
        </field>
    </fields>
</record>
