<?xml version="1.0"?>
<!--
   ====================================================================
   Licensed to the Apache Software Foundation (ASF) under one or more
   contributor license agreements.  See the NOTICE file distributed with
   this work for additional information regarding copyright ownership.
   The ASF licenses this file to You under the Apache License, Version 2.0
   (the "License"); you may not use this file except in compliance with
   the License.  You may obtain a copy of the License at

       http://www.apache.org/licenses/LICENSE-2.0

   Unless required by applicable law or agreed to in writing, software
   distributed under the License is distributed on an "AS IS" BASIS,
   WITHOUT WARRANTIES OR CONDITIONS OF ANY KIND, either express or implied.
   See the License for the specific language governing permissions and
   limitations under the License.
   ====================================================================
-->
<record id="0x1024" name="DefaultDataLabelTextProperties"
    excel-record-id="DEFAULTTEXT" package="org.apache.poi.hssf.record">
    <suffix>Record</suffix>
    <extends>Record</extends>
    <description>The default data label text properties record identifies the text characteristics of the preceeding text record.</description>
    <author>Glen Stampoultzis (glens at apache.org)</author>
    <fields>
        <field type="int" size="2" name="category data type">
            <const name="show labels characteristic" value="0"/>
            <const name="value and percentage characteristic" value="1"/>
            <const name="all text characteristic" value="2"/>
        </field>
    </fields>
</record>
