<?xml version="1.0"?>
<!--
   ====================================================================
   Licensed to the Apache Software Foundation (ASF) under one or more
   contributor license agreements.  See the NOTICE file distributed with
   this work for additional information regarding copyright ownership.
   The ASF licenses this file to You under the Apache License, Version 2.0
   (the "License"); you may not use this file except in compliance with
   the License.  You may obtain a copy of the License at

       http://www.apache.org/licenses/LICENSE-2.0

   Unless required by applicable law or agreed to in writing, software
   distributed under the License is distributed on an "AS IS" BASIS,
   WITHOUT WARRANTIES OR CONDITIONS OF ANY KIND, either express or implied.
   See the License for the specific language governing permissions and
   limitations under the License.
   ====================================================================
-->
<record id="0x1060" name="FontBasis" excel-record-id="FBI"
    package="org.apache.poi.hssf.record">
    <suffix>Record</suffix>
    <extends>Record</extends>
    <description>The font basis record stores various font metrics.</description>
    <author>Glen Stampoultzis (glens at apache.org)</author>
    <fields>
        <field type="int" size="2" name="x Basis" description="width when font was supplied"/>
        <field type="int" size="2" name="y Basis" description="height when font was supplied"/>
        <field type="int" size="2" name="height basis" description="font height applied"/>
        <field type="int" size="2" name="scale" description="scale"/>
        <field type="int" size="2" name="index to font table" description="the index number into the font table"/>
    </fields>
</record>
