<?xml version="1.0" encoding="UTF-8"?>
<config xmlns="http://www.knime.org/2008/09/XMLConfig" xmlns:xsi="http://www.w3.org/2001/XMLSchema-instance" xsi:schemaLocation="http://www.knime.org/2008/09/XMLConfig http://www.knime.org/XMLConfig_2008_09.xsd" key="settings.xml">
<entry key="name" type="xstring" value="SecondaryModelAndDataView"/>
<config key="model">
<config key="Image Width_Internals">
<entry key="SettingsModelID" type="xstring" value="SMID_integer"/>
<entry key="EnabledStatus" type="xboolean" value="true"/>
</config>
<entry key="Image Width" type="xint" value="1024"/>
<config key="Image Height_Internals">
<entry key="SettingsModelID" type="xstring" value="SMID_integer"/>
<entry key="EnabledStatus" type="xboolean" value="true"/>
</config>
<entry key="Image Height" type="xint" value="768"/>
</config>
<entry key="hasContent" type="xboolean" value="true"/>
<entry key="isInactive" type="xboolean" value="false"/>
<config key="ports"/>
<config key="filestores">
<entry key="file_store_location" type="xstring" isnull="true" value=""/>
<entry key="file_store_id" type="xstring" value="061873c5-ad58-4880-9737-a2cc1f62e012"/>
</config>
</config>
